"Site_Category","Species","Site","stdev_Wasting Event","stdev_Post-Wasting Recovery","stdev_Pre-Wasting","Site_Mean_Wasting Event","Site_Mean_Post-Wasting Recovery","Site_Mean_Pre-Wasting","stdev_Difference","mean_Difference"
"PVR&Adj","Mesocentrotus franciscanus","3 Palms East",15.5727992761316,19.0063313269937,NA,8.33333333333333,15.46875,NA,NA,NA
"PVR&Adj","Patiria miniata","3 Palms East",3.83590545926663,6.59685671502106,NA,3.19444444444444,6.45833333333333,NA,NA,NA
"PVR&Adj","Pisaster giganteus","3 Palms East",0.470549752144401,0.884662571809839,NA,0.138888888888889,0.3125,NA,NA,NA
"PVR&Adj","Pisaster ochraceus","3 Palms East",0,0,NA,0,0,NA,NA,NA
"PVR&Adj","Strongylocentrotus purpuratus","3 Palms East",7.68098851327503,24.5443485163431,NA,2.91666666666667,10.625,NA,NA,NA
"PVR&Adj","Mesocentrotus franciscanus","3 Palms West",5.12916889866013,16.8717540479964,4.43202630213958,3.47222222222222,12.0833333333333,9.58333333333331,12.4397277458569,2.50000000000002
"PVR&Adj","Patiria miniata","3 Palms West",2.50603137185371,10.5738146170413,15.6347191994114,1.66666666666667,7.60416666666667,16.6666666666667,-5.06090458237017,-9.06250000000001
"PVR&Adj","Pisaster giganteus","3 Palms West",0,0.292280156005085,3.42145425314283,0,0.0520833333333334,2.91666666666667,-3.12917409713775,-2.86458333333333
"PVR&Adj","Pisaster ochraceus","3 Palms West",0,0,0,0,0,0,0,0
"PVR&Adj","Strongylocentrotus purpuratus","3 Palms West",0,2.7931124345988,9.25820099772551,0,1.19791666666667,8.33333333333333,-6.46508856312671,-7.13541666666666
"MPA","Mesocentrotus franciscanus","Abalone Cove Kelp West",2.95875121532865,1.12003584172041,NA,2.22222222222222,0.416666666666666,NA,NA,NA
"MPA","Patiria miniata","Abalone Cove Kelp West",3.43285767029625,5.4829484781764,NA,4.44444444444444,6.875,NA,NA,NA
"MPA","Pisaster giganteus","Abalone Cove Kelp West",0,0,NA,0,0,NA,NA,NA
"MPA","Pisaster ochraceus","Abalone Cove Kelp West",0,0,NA,0,0,NA,NA,NA
"MPA","Strongylocentrotus purpuratus","Abalone Cove Kelp West",0,9.01760524202936,NA,0,2.29166666666667,NA,NA,NA
"Non-MPA","Mesocentrotus franciscanus","Albondigas",173.757251623012,42.075651717107,79.2261681156277,212.777777777778,65.0980392156862,93.7499999999999,-37.1505163985207,-28.6519607843137
"Non-MPA","Patiria miniata","Albondigas",14.7595771567182,6.71771896322886,43.2508372246701,8.88888888888889,4.60784313725491,72.4999999999999,-36.5331182614413,-67.892156862745
"Non-MPA","Pisaster giganteus","Albondigas",0.648749120134604,1.69830341867452,8.20133554745232,0.277777777777778,1.42156862745098,19.5833333333334,-6.5030321287778,-18.1617647058824
"Non-MPA","Pisaster ochraceus","Albondigas",0,0.398054289351022,0.771516749810461,0,0.0980392156862747,0.416666666666668,-0.373462460459439,-0.318627450980393
"Non-MPA","Strongylocentrotus purpuratus","Albondigas",85.9787186886387,176.802350389322,62.8979395024256,123.055555555556,103.921568627451,65.4166666666666,113.904410886897,38.5049019607843
"PVR&Adj","Mesocentrotus franciscanus","Bunker Point",2.95020401052261,4.33902759772591,27.0925586463651,2.08333333333333,2.29166666666667,33.8888888888889,-22.7535310486392,-31.5972222222222
"PVR&Adj","Patiria miniata","Bunker Point",1.72132593164774,8.66725171000506,8.84300023739981,0.833333333333334,5.72916666666667,16.3888888888889,-0.175748527394752,-10.6597222222222
"PVR&Adj","Pisaster giganteus","Bunker Point",0,0,3.29523684408054,0,0,5.83333333333333,-3.29523684408054,-5.83333333333333
"PVR&Adj","Pisaster ochraceus","Bunker Point",0,0,0,0,0,0,0,0
"PVR&Adj","Strongylocentrotus purpuratus","Bunker Point",3.33333333333333,3.24918589722241,7.78498944161523,1.66666666666667,0.989583333333334,6.66666666666667,-4.53580354439282,-5.67708333333333
"PVR&Adj","Mesocentrotus franciscanus","Burial Grounds",0.82060993986222,4.10637597318572,NA,0.555555555555557,2.23958333333333,NA,NA,NA
"PVR&Adj","Patiria miniata","Burial Grounds",6.99326275108577,7.4417194728451,NA,3.6111111111111,6.25,NA,NA,NA
"PVR&Adj","Pisaster giganteus","Burial Grounds",0,0.292280156005084,NA,0,0.0520833333333334,NA,NA,NA
"PVR&Adj","Pisaster ochraceus","Burial Grounds",0,0,NA,0,0,NA,NA,NA
"PVR&Adj","Strongylocentrotus purpuratus","Burial Grounds",0,1.71153236414323,NA,0,0.572916666666667,NA,NA,NA
"Non-MPA","Mesocentrotus franciscanus","Cairns",17.4695502284743,9.73193958818838,9.58393717904347,21.1111111111111,11.1458333333333,18.8888888888889,0.148002409144908,-7.74305555555555
"Non-MPA","Patiria miniata","Cairns",2.6701366312662,2.75546594836383,10.0415802209281,1.38888888888889,2.91666666666667,14.1666666666667,-7.28611427256422,-11.25
"Non-MPA","Pisaster giganteus","Cairns",0,0.962250448649376,10.6978710239208,0,0.416666666666667,15,-9.73562057527143,-14.5833333333333
"Non-MPA","Pisaster ochraceus","Cairns",0,0,1.39443337755679,0,0,0.833333333333333,-1.39443337755679,-0.833333333333333
"Non-MPA","Strongylocentrotus purpuratus","Cairns",13.8510595931088,4.69312933584437,360.406277949185,11.1111111111111,3.4375,220.277777777778,-355.71314861334,-216.840277777778
"PVR&Adj","Mesocentrotus franciscanus","Cape Point",5.16397779494323,24.9955353156176,NA,5.83333333333334,15.0520833333333,NA,NA,NA
"PVR&Adj","Patiria miniata","Cape Point",7.78174501995249,3.81303574892433,NA,3.74999999999999,3.02083333333333,NA,NA,NA
"PVR&Adj","Pisaster giganteus","Cape Point",0.569275042553312,0.696425745031121,NA,0.208333333333334,0.208333333333333,NA,NA,NA
"PVR&Adj","Pisaster ochraceus","Cape Point",0,0,NA,0,0,NA,NA,NA
"PVR&Adj","Strongylocentrotus purpuratus","Cape Point",0.745355992499931,14.3402837830035,NA,0.416666666666668,3.75,NA,NA,NA
"Non-MPA","Mesocentrotus franciscanus","Christmas Tree Cove",28.4149152278765,14.5991977202199,10.6610228124419,20.5555555555556,28.4375,13.75,3.93817490777796,14.6875
"Non-MPA","Patiria miniata","Christmas Tree Cove",7.10372880696911,8.09663853432741,32.1563023026245,4.72222222222222,7.5,132.916666666667,-24.0596637682971,-125.416666666667
"Non-MPA","Pisaster giganteus","Christmas Tree Cove",0.680413817439773,1.32200044825453,3.43592135468138,0.277777777777778,0.520833333333334,5.41666666666667,-2.11392090642685,-4.89583333333333
"Non-MPA","Pisaster ochraceus","Christmas Tree Cove",0,0,0,0,0,0,0,0
"Non-MPA","Strongylocentrotus purpuratus","Christmas Tree Cove",16.7553197743505,41.7841399558715,183.557312676551,33.8888888888889,22.3958333333333,118.75,-141.773172720679,-96.3541666666666
"Non-MPA","Mesocentrotus franciscanus","Flat Rock North",NA,0,NA,NA,0,NA,NA,NA
"Non-MPA","Patiria miniata","Flat Rock North",NA,0,NA,NA,0,NA,NA,NA
"Non-MPA","Pisaster giganteus","Flat Rock North",NA,0,NA,NA,0,NA,NA,NA
"Non-MPA","Pisaster ochraceus","Flat Rock North",NA,0,NA,NA,0,NA,NA,NA
"Non-MPA","Strongylocentrotus purpuratus","Flat Rock North",NA,0,NA,NA,0,NA,NA,NA
"Non-MPA","Mesocentrotus franciscanus","Flat Rock South",10.3189864561148,6.48270491098915,NA,14.1666666666667,6.5625,NA,NA,NA
"Non-MPA","Patiria miniata","Flat Rock South",0,0,NA,0,0,NA,NA,NA
"Non-MPA","Pisaster giganteus","Flat Rock South",0,0.416666666666668,NA,0,0.104166666666667,NA,NA,NA
"Non-MPA","Pisaster ochraceus","Flat Rock South",0,0.416666666666667,NA,0,0.104166666666667,NA,NA,NA
"Non-MPA","Strongylocentrotus purpuratus","Flat Rock South",0,1.00346621489936,NA,0,0.520833333333334,NA,NA,NA
"PVR-Control","Mesocentrotus franciscanus","Hawthorne Reef",26.2006379684101,11.9834863962084,14.9955901807073,18.3333333333333,10.46875,7.85714285714285,-3.01210378449884,2.61160714285715
"PVR-Control","Patiria miniata","Hawthorne Reef",24.5355406221911,31.6868061132366,47.4866545812158,30.4166666666667,25.8854166666667,93.9285714285715,-15.7998484679793,-68.0431547619048
"PVR-Control","Pisaster giganteus","Hawthorne Reef",0.634489156355735,0.489641376160837,3.57172250407146,0.277777777777778,0.15625,5,-3.08208112791062,-4.84375
"PVR-Control","Pisaster ochraceus","Hawthorne Reef",0,0,0,0,0,0,0,0
"PVR-Control","Strongylocentrotus purpuratus","Hawthorne Reef",32.7435750480046,20.3197950202481,0.946853448051496,17.7777777777778,8.07291666666665,0.357142857142857,19.3729415721966,7.7157738095238
"PVR-Control","Mesocentrotus franciscanus","Honeymoon Cove",41.0992275520641,18.083742808811,6.36832439151427,34.4791666666667,23.4313725490196,10.4166666666667,11.7154184172967,13.0147058823529
"PVR-Control","Patiria miniata","Honeymoon Cove",16.7628274319264,15.4521645199744,26.3725095366228,20.7291666666667,16.3235294117647,44.375,-10.9203450166484,-28.0514705882353
"PVR-Control","Pisaster giganteus","Honeymoon Cove",0.409891147364972,1.16759651894838,2.39598429476087,0.104166666666667,0.53921568627451,3.75,-1.22838777581249,-3.21078431372549
"PVR-Control","Pisaster ochraceus","Honeymoon Cove",0,0.283689889095999,0,0,0.0490196078431373,0,0.283689889095999,0.0490196078431373
"PVR-Control","Strongylocentrotus purpuratus","Honeymoon Cove",32.950591610094,30.7458082731315,33.6209811036259,26.9791666666667,17.0833333333333,26.6666666666667,-2.8751728304944,-9.58333333333332
"PVR&Adj","Mesocentrotus franciscanus","KOU Rock",6.01260083159229,12.5109079390873,3.49534150225871,4.72222222222222,11.6145833333333,3.78787878787879,9.01556643682859,7.82670454545455
"PVR&Adj","Patiria miniata","KOU Rock",3.7724102249082,15.2373201687805,10.6476200801782,4.02777777777778,19.4791666666667,19.3939393939394,4.58970008860234,0.0852272727272592
"PVR&Adj","Pisaster giganteus","KOU Rock",0,0.489641376160837,2.50060117831818,0,0.15625,6.36363636363636,-2.01095980215734,-6.20738636363636
"PVR&Adj","Pisaster ochraceus","KOU Rock",0,0.292280156005085,0,0,0.0520833333333334,0,0.292280156005085,0.0520833333333334
"PVR&Adj","Strongylocentrotus purpuratus","KOU Rock",2.02639586291443,1.87738678187202,0,0.833333333333333,0.885416666666667,0,1.87738678187202,0.885416666666667
"MPA","Mesocentrotus franciscanus","Long Point East",15.3770381129531,19.1229084111777,12.8435087334479,12.3611111111111,16.9791666666667,9.02777777777778,6.27939967772988,7.95138888888889
"MPA","Patiria miniata","Long Point East",15.4240907832369,13.9584567237695,21.2013390942196,10.6944444444444,13.6979166666667,39.8611111111111,-7.24288237045004,-26.1631944444445
"MPA","Pisaster giganteus","Long Point East",0,0.740534032004823,3.64210040088308,0,0.260416666666667,5.69444444444445,-2.90156636887826,-5.43402777777778
"MPA","Pisaster ochraceus","Long Point East",0,0,0.470549752144401,0,0,0.138888888888889,-0.470549752144401,-0.138888888888889
"MPA","Strongylocentrotus purpuratus","Long Point East",6.8218650081936,7.85604048704173,0.634489156355735,3.88888888888889,2.39583333333333,0.277777777777778,7.22155133068599,2.11805555555555
"PVR-Control","Mesocentrotus franciscanus","Lunada Bay",3.84298302344917,20.650187041955,5.21672030038334,5.625,20.6770833333333,4.44444444444445,15.4334667415716,16.2326388888889
"PVR-Control","Patiria miniata","Lunada Bay",2.23606797749979,6.81850080756662,22.8098631094635,2.08333333333333,3.90625000000001,21.6666666666667,-15.9913623018969,-17.7604166666667
"PVR-Control","Pisaster giganteus","Lunada Bay",0.569275042553312,0.655663160391204,4.25391739512052,0.208333333333334,0.312500000000001,3.47222222222223,-3.59825423472932,-3.15972222222223
"PVR-Control","Pisaster ochraceus","Lunada Bay",0,0.292280156005085,0,0,0.0520833333333334,0,0.292280156005085,0.0520833333333334
"PVR-Control","Strongylocentrotus purpuratus","Lunada Bay",6.13127984947617,25.2979925275886,1.89817269533635,2.91666666666666,9.63541666666667,0.694444444444445,23.3998198322522,8.94097222222222
"Non-MPA","Mesocentrotus franciscanus","Marguerite West",24.3508308474878,19.0077956716789,10.4527154012371,30.5555555555556,31.25,11.6666666666667,8.55508027044183,19.5833333333334
"Non-MPA","Patiria miniata","Marguerite West",28.5384730573387,10.2689526675747,38.3212541355121,21.6666666666667,7.8125,113.333333333333,-28.0523014679375,-105.520833333333
"Non-MPA","Pisaster giganteus","Marguerite West",0,0.906509381782262,2.88675134594815,0,0.3125,9.16666666666669,-1.98024196416588,-8.85416666666669
"Non-MPA","Pisaster ochraceus","Marguerite West",0,0.416666666666668,0,0,0.104166666666667,0,0.416666666666668,0.104166666666667
"Non-MPA","Strongylocentrotus purpuratus","Marguerite West",31.9837921917174,25.6399572426985,16.9148192751537,45.5555555555556,21.6666666666667,25.8333333333334,8.72513796754479,-4.16666666666669
"PVR&Adj","Mesocentrotus franciscanus","Old 18th",0,2.14138691479874,1.92450089729875,0,0.833333333333333,1.66666666666666,0.216886017499986,-0.833333333333331
"PVR&Adj","Patiria miniata","Old 18th",0.82060993986222,3.2321787880334,8.6602540378444,0.555555555555557,1.19791666666667,9.16666666666669,-5.42807524981101,-7.96875000000002
"PVR&Adj","Pisaster giganteus","Old 18th",0,0.489641376160837,0,0,0.15625,1.66666666666667,0.489641376160837,-1.51041666666667
"PVR&Adj","Pisaster ochraceus","Old 18th",0,0,0,0,0,0,0,0
"PVR&Adj","Strongylocentrotus purpuratus","Old 18th",1.2974982402692,1.343504525177,0,0.555555555555555,0.46875,0,1.343504525177,0.46875
"Non-MPA","Mesocentrotus franciscanus","Point Fermin",14.8479952506378,12.8267479496154,27.1961326226659,21.3888888888889,18.6458333333333,17.7777777777778,-14.3693846730505,0.868055555555554
"Non-MPA","Patiria miniata","Point Fermin",16.8132443384727,6.99785019898306,13.3194372031031,10.2777777777778,6.97916666666667,26.1111111111111,-6.32158700412005,-19.1319444444444
"Non-MPA","Pisaster giganteus","Point Fermin",0,0,5.77350269189625,0,0,8.33333333333333,-5.77350269189625,-8.33333333333333
"Non-MPA","Pisaster ochraceus","Point Fermin",0,1.25,0,0,0.3125,0,1.25,0.3125
"Non-MPA","Strongylocentrotus purpuratus","Point Fermin",10.0967541539073,6.65884958365766,50.1525450777704,7.5,4.47916666666667,37.5000000000001,-43.4936954941127,-33.0208333333334
"MPA","Mesocentrotus franciscanus","Point Vicente West",33.3237553443621,24.3807812706301,6.07753181107709,39.6875,35.1470588235294,14.0277777777778,18.303249459553,21.1192810457516
"MPA","Patiria miniata","Point Vicente West",41.4083389866631,26.1499147635749,62.3699936111876,30.2083333333333,19.5343137254902,77.7777777777778,-36.2200788476128,-58.2434640522876
"MPA","Pisaster giganteus","Point Vicente West",0,1.42531018415689,4.92087145182746,0,0.833333333333333,10.4166666666667,-3.49556126767057,-9.58333333333333
"MPA","Pisaster ochraceus","Point Vicente West",0,0,0.737209780774487,0,0,0.416666666666668,-0.737209780774487,-0.416666666666668
"MPA","Strongylocentrotus purpuratus","Point Vicente West",14.9487625505295,20.9643815116644,14.4100296079199,11.7708333333333,13.2598039215686,5.27777777777778,6.55435190374457,7.98202614379085
"Non-MPA","Mesocentrotus franciscanus","Portuguese Bend",2.26691175145591,1.96908984427192,2.18217890235992,1.04166666666667,0.78125,1.66666666666667,-0.213089058088004,-0.885416666666667
"Non-MPA","Patiria miniata","Portuguese Bend",3.43592135468138,3.02837841719665,0.89087080637475,2.29166666666667,2.91666666666667,0.833333333333335,2.1375076108219,2.08333333333333
"Non-MPA","Pisaster giganteus","Portuguese Bend",0,0,2.18217890235992,0,0,1.66666666666667,-2.18217890235992,-1.66666666666667
"Non-MPA","Pisaster ochraceus","Portuguese Bend",0,0,0,0,0,0,0,0
"Non-MPA","Strongylocentrotus purpuratus","Portuguese Bend",0,2.81522379373618,0,0,0.937499999999999,0,2.81522379373618,0.937499999999999
"MPA","Mesocentrotus franciscanus","Portuguese Point",7.5985587605871,13.4932446924285,NA,11.25,9.0625,NA,NA,NA
"MPA","Patiria miniata","Portuguese Point",9.96023841111994,7.41740663216958,NA,10.8333333333333,12.0833333333333,NA,NA,NA
"MPA","Pisaster giganteus","Portuguese Point",0,0,NA,0,0,NA,NA,NA
"MPA","Pisaster ochraceus","Portuguese Point",0,0,NA,0,0,NA,NA,NA
"MPA","Strongylocentrotus purpuratus","Portuguese Point",0.771516749810461,2.93103221080707,NA,0.416666666666668,0.937500000000002,NA,NA,NA
"PVR&Adj","Mesocentrotus franciscanus","PVR 2A",NA,137.11620874592,NA,NA,78.3333333333334,NA,NA,NA
"PVR&Adj","Patiria miniata","PVR 2A",NA,1.7817416127495,NA,NA,1.19047619047619,NA,NA,NA
"PVR&Adj","Pisaster giganteus","PVR 2A",NA,2.37315573274662,NA,NA,1.30952380952381,NA,NA,NA
"PVR&Adj","Pisaster ochraceus","PVR 2A",NA,0.445435403187375,NA,NA,0.119047619047619,NA,NA,NA
"PVR&Adj","Strongylocentrotus purpuratus","PVR 2A",NA,16.976964929496,NA,NA,8.80952380952381,NA,NA,NA
"PVR&Adj","Mesocentrotus franciscanus","PVR 2B",NA,46.3702319672699,NA,NA,28.2142857142857,NA,NA,NA
"PVR&Adj","Patiria miniata","PVR 2B",NA,2.53184841770917,NA,NA,1.66666666666667,NA,NA,NA
"PVR&Adj","Pisaster giganteus","PVR 2B",NA,1.01874974250354,NA,NA,0.476190476190476,NA,NA,NA
"PVR&Adj","Pisaster ochraceus","PVR 2B",NA,0,NA,NA,0,NA,NA,NA
"PVR&Adj","Strongylocentrotus purpuratus","PVR 2B",NA,2.95726583949114,NA,NA,1.54761904761905,NA,NA,NA
"PVR&Adj","Mesocentrotus franciscanus","PVR 2C",NA,15.5525027529444,NA,NA,8.33333333333333,NA,NA,NA
"PVR&Adj","Patiria miniata","PVR 2C",NA,3.25221817793996,NA,NA,4.16666666666667,NA,NA,NA
"PVR&Adj","Pisaster giganteus","PVR 2C",NA,1.40316231023516,NA,NA,0.595238095238096,NA,NA,NA
"PVR&Adj","Pisaster ochraceus","PVR 2C",NA,0,NA,NA,0,NA,NA,NA
"PVR&Adj","Strongylocentrotus purpuratus","PVR 2C",NA,0.445435403187375,NA,NA,0.119047619047619,NA,NA,NA
"PVR&Adj","Mesocentrotus franciscanus","PVR 4A",NA,1.17851130197758,NA,NA,0.833333333333335,NA,NA,NA
"PVR&Adj","Patiria miniata","PVR 4A",NA,0,NA,NA,0,NA,NA,NA
"PVR&Adj","Pisaster giganteus","PVR 4A",NA,0,NA,NA,0,NA,NA,NA
"PVR&Adj","Pisaster ochraceus","PVR 4A",NA,0,NA,NA,0,NA,NA,NA
"PVR&Adj","Strongylocentrotus purpuratus","PVR 4A",NA,0,NA,NA,0,NA,NA,NA
"PVR&Adj","Mesocentrotus franciscanus","PVR 4B",NA,26.7922865359905,NA,NA,15.952380952381,NA,NA,NA
"PVR&Adj","Patiria miniata","PVR 4B",NA,8.46958214635301,NA,NA,9.76190476190476,NA,NA,NA
"PVR&Adj","Pisaster giganteus","PVR 4B",NA,3.42591217588459,NA,NA,1.78571428571429,NA,NA,NA
"PVR&Adj","Pisaster ochraceus","PVR 4B",NA,0,NA,NA,0,NA,NA,NA
"PVR&Adj","Strongylocentrotus purpuratus","PVR 4B",NA,2.32113504296236,NA,NA,1.07142857142857,NA,NA,NA
"PVR&Adj","Mesocentrotus franciscanus","PVR 4C",NA,26.0391482298719,NA,NA,13.9285714285714,NA,NA,NA
"PVR&Adj","Patiria miniata","PVR 4C",NA,2.65254962932261,NA,NA,1.54761904761905,NA,NA,NA
"PVR&Adj","Pisaster giganteus","PVR 4C",NA,1.42475069044185,NA,NA,0.833333333333334,NA,NA,NA
"PVR&Adj","Pisaster ochraceus","PVR 4C",NA,0,NA,NA,0,NA,NA,NA
"PVR&Adj","Strongylocentrotus purpuratus","PVR 4C",NA,3.09840638072576,NA,NA,1.54761904761905,NA,NA,NA
"PVR&Adj","Mesocentrotus franciscanus","PVR 5A",NA,117.752469520363,NA,NA,65.595238095238,NA,NA,NA
"PVR&Adj","Patiria miniata","PVR 5A",NA,3.57203901986844,NA,NA,1.42857142857143,NA,NA,NA
"PVR&Adj","Pisaster giganteus","PVR 5A",NA,4.01652569174885,NA,NA,2.5,NA,NA,NA
"PVR&Adj","Pisaster ochraceus","PVR 5A",NA,1.37570050975926,NA,NA,0.476190476190476,NA,NA,NA
"PVR&Adj","Strongylocentrotus purpuratus","PVR 5A",NA,19.8913409720271,NA,NA,8.0952380952381,NA,NA,NA
"PVR&Adj","Mesocentrotus franciscanus","PVR 5B",NA,55.9680049887217,NA,NA,29.7619047619048,NA,NA,NA
"PVR&Adj","Patiria miniata","PVR 5B",NA,2.00731263865498,NA,NA,1.19047619047619,NA,NA,NA
"PVR&Adj","Pisaster giganteus","PVR 5B",NA,6.88293886176881,NA,NA,3.09523809523809,NA,NA,NA
"PVR&Adj","Pisaster ochraceus","PVR 5B",NA,0,NA,NA,0,NA,NA,NA
"PVR&Adj","Strongylocentrotus purpuratus","PVR 5B",NA,18.1370612683806,NA,NA,7.49999999999999,NA,NA,NA
"PVR&Adj","Mesocentrotus franciscanus","PVR 5C",NA,51.1700700446665,NA,NA,26.6666666666667,NA,NA,NA
"PVR&Adj","Patiria miniata","PVR 5C",NA,0,NA,NA,0,NA,NA,NA
"PVR&Adj","Pisaster giganteus","PVR 5C",NA,2.33097735584356,NA,NA,0.952380952380952,NA,NA,NA
"PVR&Adj","Pisaster ochraceus","PVR 5C",NA,0.605227532668804,NA,NA,0.238095238095239,NA,NA,NA
"PVR&Adj","Strongylocentrotus purpuratus","PVR 5C",NA,7.67251727710805,NA,NA,4.16666666666667,NA,NA,NA
"PVR&Adj","Mesocentrotus franciscanus","PVR 6B",NA,0.833333333333335,NA,NA,0.416666666666668,NA,NA,NA
"PVR&Adj","Patiria miniata","PVR 6B",NA,3.19142369252113,NA,NA,2.5,NA,NA,NA
"PVR&Adj","Pisaster giganteus","PVR 6B",NA,0,NA,NA,0,NA,NA,NA
"PVR&Adj","Pisaster ochraceus","PVR 6B",NA,0,NA,NA,0,NA,NA,NA
"PVR&Adj","Strongylocentrotus purpuratus","PVR 6B",NA,0,NA,NA,0,NA,NA,NA
"PVR&Adj","Mesocentrotus franciscanus","PVR 6C",NA,27.6702742694047,NA,NA,13.9285714285714,NA,NA,NA
"PVR&Adj","Patiria miniata","PVR 6C",NA,0.605227532668804,NA,NA,0.238095238095239,NA,NA,NA
"PVR&Adj","Pisaster giganteus","PVR 6C",NA,1.01874974250354,NA,NA,0.476190476190476,NA,NA,NA
"PVR&Adj","Pisaster ochraceus","PVR 6C",NA,0,NA,NA,0,NA,NA,NA
"PVR&Adj","Strongylocentrotus purpuratus","PVR 6C",NA,3.57203901986844,NA,NA,1.42857142857143,NA,NA,NA
"PVR&Adj","Mesocentrotus franciscanus","PVR 6D",NA,153.692692092674,NA,NA,94.0277777777778,NA,NA,NA
"PVR&Adj","Patiria miniata","PVR 6D",NA,0.962250448649375,NA,NA,0.277777777777778,NA,NA,NA
"PVR&Adj","Pisaster giganteus","PVR 6D",NA,7.98778528784505,NA,NA,3.88888888888889,NA,NA,NA
"PVR&Adj","Pisaster ochraceus","PVR 6D",NA,0.481125224324689,NA,NA,0.138888888888889,NA,NA,NA
"PVR&Adj","Strongylocentrotus purpuratus","PVR 6D",NA,22.8024010786034,NA,NA,10.8333333333333,NA,NA,NA
"PVR&Adj","Mesocentrotus franciscanus","PVR 7A",NA,136.228469750989,NA,NA,90.3571428571429,NA,NA,NA
"PVR&Adj","Patiria miniata","PVR 7A",NA,3.6669164084113,NA,NA,1.78571428571429,NA,NA,NA
"PVR&Adj","Pisaster giganteus","PVR 7A",NA,6.67238765516191,NA,NA,2.97619047619048,NA,NA,NA
"PVR&Adj","Pisaster ochraceus","PVR 7A",NA,0.445435403187375,NA,NA,0.119047619047619,NA,NA,NA
"PVR&Adj","Strongylocentrotus purpuratus","PVR 7A",NA,54.6500689535706,NA,NA,25.7142857142857,NA,NA,NA
"PVR&Adj","Mesocentrotus franciscanus","PVR 7B",NA,143.62293981133,NA,NA,90.1190476190476,NA,NA,NA
"PVR&Adj","Patiria miniata","PVR 7B",NA,3.23339186533631,NA,NA,1.78571428571429,NA,NA,NA
"PVR&Adj","Pisaster giganteus","PVR 7B",NA,2.72912210208841,NA,NA,1.19047619047619,NA,NA,NA
"PVR&Adj","Pisaster ochraceus","PVR 7B",NA,0,NA,NA,0,NA,NA,NA
"PVR&Adj","Strongylocentrotus purpuratus","PVR 7B",NA,44.386504510513,NA,NA,22.9761904761905,NA,NA,NA
"PVR&Adj","Mesocentrotus franciscanus","PVR 7C",NA,9.77150425893043,NA,NA,7.14285714285715,NA,NA,NA
"PVR&Adj","Patiria miniata","PVR 7C",NA,8.16963764453353,NA,NA,8.6904761904762,NA,NA,NA
"PVR&Adj","Pisaster giganteus","PVR 7C",NA,0,NA,NA,0,NA,NA,NA
"PVR&Adj","Pisaster ochraceus","PVR 7C",NA,0,NA,NA,0,NA,NA,NA
"PVR&Adj","Strongylocentrotus purpuratus","PVR 7C",NA,4.06186890467665,NA,NA,2.26190476190476,NA,NA,NA
"PVR&Adj","Mesocentrotus franciscanus","PVR 8A",NA,101.89062883406,NA,NA,55.3571428571429,NA,NA,NA
"PVR&Adj","Patiria miniata","PVR 8A",NA,2.20997848043932,NA,NA,1.19047619047619,NA,NA,NA
"PVR&Adj","Pisaster giganteus","PVR 8A",NA,6.71798017496759,NA,NA,2.73809523809524,NA,NA,NA
"PVR&Adj","Pisaster ochraceus","PVR 8A",NA,0,NA,NA,0,NA,NA,NA
"PVR&Adj","Strongylocentrotus purpuratus","PVR 8A",NA,57.4674086113429,NA,NA,25.2380952380952,NA,NA,NA
"PVR&Adj","Mesocentrotus franciscanus","PVR 8B",NA,34.5803818414835,NA,NA,22.9761904761905,NA,NA,NA
"PVR&Adj","Patiria miniata","PVR 8B",NA,2.33424890461963,NA,NA,2.5,NA,NA,NA
"PVR&Adj","Pisaster giganteus","PVR 8B",NA,0,NA,NA,0,NA,NA,NA
"PVR&Adj","Pisaster ochraceus","PVR 8B",NA,0.445435403187375,NA,NA,0.119047619047619,NA,NA,NA
"PVR&Adj","Strongylocentrotus purpuratus","PVR 8B",NA,5.2704627669473,NA,NA,3.33333333333334,NA,NA,NA
"PVR&Adj","Mesocentrotus franciscanus","PVR 8C",NA,20.0064855174382,NA,NA,12.7380952380952,NA,NA,NA
"PVR&Adj","Patiria miniata","PVR 8C",NA,2.8387687575088,NA,NA,3.0952380952381,NA,NA,NA
"PVR&Adj","Pisaster giganteus","PVR 8C",NA,0.605227532668804,NA,NA,0.238095238095239,NA,NA,NA
"PVR&Adj","Pisaster ochraceus","PVR 8C",NA,0,NA,NA,0,NA,NA,NA
"PVR&Adj","Strongylocentrotus purpuratus","PVR 8C",NA,8.33974112615507,NA,NA,4.16666666666667,NA,NA,NA
"PVR-Control","Mesocentrotus franciscanus","Resort Point",14.618057348503,21.9484625616088,41.5710012887366,15.5555555555556,31.9791666666667,39.1666666666666,-19.6225387271278,-7.18749999999995
"PVR-Control","Patiria miniata","Resort Point",9.74204328708342,17.4219568685251,62.8504986868457,10.9722222222222,17.5520833333333,97.9166666666667,-45.4285418183207,-80.3645833333334
"PVR-Control","Pisaster giganteus","Resort Point",0.941099504288799,0.994639512658276,5.57773351022716,0.277777777777777,0.572916666666667,5,-4.58309399756888,-4.42708333333333
"PVR-Control","Pisaster ochraceus","Resort Point",0,0,0,0,0,0,0,0
"PVR-Control","Strongylocentrotus purpuratus","Resort Point",17.1781421238648,16.4562611715429,4.71404520791031,13.6111111111111,14.9479166666667,4.16666666666666,11.7422159636326,10.78125
"PVR-Control","Mesocentrotus franciscanus","Ridges North",10.2730436936226,9.17118839177414,31.9076137184295,10.6944444444444,11.25,25.9722222222222,-22.7364253266553,-14.7222222222222
"PVR-Control","Patiria miniata","Ridges North",3.43738562977649,1.00329911357791,5.66616934447406,1.80555555555556,0.661764705882354,12.6388888888889,-4.66287023089615,-11.9771241830065
"PVR-Control","Pisaster giganteus","Ridges North",0,0.753410610843683,9.11105219728803,0,0.36764705882353,9.72222222222223,-8.35764158644434,-9.3545751633987
"PVR-Control","Pisaster ochraceus","Ridges North",0,0,0,0,0,0,0,0
"PVR-Control","Strongylocentrotus purpuratus","Ridges North",4.02037884468,7.77806955568487,4.2349477692996,2.36111111111111,3.06372549019608,2.08333333333333,3.54312178638527,0.980392156862746
"Non-MPA","Mesocentrotus franciscanus","Ridges South",15.7654045237659,7.23393040496953,8.86405260427918,16.25,7.91666666666666,8.33333333333333,-1.63012219930965,-0.416666666666667
"Non-MPA","Patiria miniata","Ridges South",2.88675134594813,0.89176840943002,3.38501600193165,0.833333333333333,0.3125,3.54166666666667,-2.49324759250163,-3.22916666666667
"Non-MPA","Pisaster giganteus","Ridges South",0.481125224324689,0.294627825494395,9.10422455577105,0.138888888888889,0.0520833333333334,6.45833333333333,-8.80959673027665,-6.40624999999999
"Non-MPA","Pisaster ochraceus","Ridges South",0,0,0.589255650988791,0,0,0.208333333333334,-0.589255650988791,-0.208333333333334
"Non-MPA","Strongylocentrotus purpuratus","Ridges South",3.51463989658879,5.55902669338597,2.35702260395516,1.52777777777778,2.1875,1.66666666666667,3.20200408943081,0.520833333333334
"PVR-Control","Mesocentrotus franciscanus","Rocky Point North",17.6126049477809,24.7716623402036,14.609793111143,21.5625,24.4607843137255,21.9444444444445,10.1618692290606,2.51633986928104
"PVR-Control","Patiria miniata","Rocky Point North",3.38004899118278,2.69346988501103,5.12916889866012,1.45833333333334,1.6421568627451,5.13888888888889,-2.43569901364909,-3.49673202614379
"PVR-Control","Pisaster giganteus","Rocky Point North",0,0.678918729240167,5.34441782913415,0,0.343137254901962,7.08333333333332,-4.66549909989399,-6.74019607843136
"PVR-Control","Pisaster ochraceus","Rocky Point North",0,0,0.470549752144401,0,0,0.138888888888889,-0.470549752144401,-0.138888888888889
"PVR-Control","Strongylocentrotus purpuratus","Rocky Point North",15.2484648736712,7.5647547603305,6.5000309673485,9.47916666666666,4.82843137254902,4.30555555555556,1.064723792982,0.522875816993462
"PVR-Control","Mesocentrotus franciscanus","Rocky Point South",15.3436218370665,24.5882651317035,20.9208307535884,23.8888888888889,29.1145833333333,26.6666666666667,3.66743437811516,2.44791666666667
"PVR-Control","Patiria miniata","Rocky Point South",7.79673328513197,2.76783936388441,39.7567077762295,4.72222222222222,1.97916666666667,43.0555555555556,-36.9888684123451,-41.0763888888889
"PVR-Control","Pisaster giganteus","Rocky Point South",0,0.609937545592835,5.77872994755451,0,0.260416666666667,7.08333333333334,-5.16879240196168,-6.82291666666667
"PVR-Control","Pisaster ochraceus","Rocky Point South",0,0,0,0,0,0,0,0
"PVR-Control","Strongylocentrotus purpuratus","Rocky Point South",6.3321890652039,52.8111579904213,9.49086347668173,5,18.6979166666667,7.63888888888889,43.3202945137396,11.0590277777778
"Non-MPA","Mesocentrotus franciscanus","Segovia",15.3206469257085,20.0462428362986,10.4172222074082,19.1666666666667,33.3333333333333,17.2222222222222,9.62902062889036,16.1111111111111
"Non-MPA","Patiria miniata","Segovia",0,19.2245502764911,56.3397432250685,0,13.125,87.4999999999999,-37.1151929485774,-74.3749999999999
"Non-MPA","Pisaster giganteus","Segovia",0,0.962250448649376,13.6896825166769,0,0.416666666666667,11.1111111111111,-12.7274320680275,-10.6944444444445
"Non-MPA","Pisaster ochraceus","Segovia",0,0.416666666666668,0,0,0.104166666666667,0,0.416666666666668,0.104166666666667
"Non-MPA","Strongylocentrotus purpuratus","Segovia",11.7851130197757,18.9724459072546,310.90012687178,20,15.625,150,-291.927680964525,-134.375
"Non-MPA","Mesocentrotus franciscanus","Underwater Arch",10.0921678469916,24.5213436886378,34.129383452017,8.33333333333333,36.25,36.6666666666667,-9.60803976337924,-0.41666666666665
"Non-MPA","Patiria miniata","Underwater Arch",0.833333333333335,5.54025671286488,50.8697501613825,0.416666666666668,5.20833333333333,82.9166666666666,-45.3294934485176,-77.7083333333332
"Non-MPA","Pisaster giganteus","Underwater Arch",0,2.10543828462635,14.6170245743587,0,0.729166666666667,38.75,-12.5115862897324,-38.0208333333333
"Non-MPA","Pisaster ochraceus","Underwater Arch",0,0,1.59571184626056,0,0,1.25,-1.59571184626056,-1.25
"Non-MPA","Strongylocentrotus purpuratus","Underwater Arch",22.3762026368293,76.8295371441075,19.358938982251,51.25,63.75,33.75,57.4705981618564,30
"Non-MPA","Mesocentrotus franciscanus","Whites Point",12.8235893744476,7.27040551113185,220.571857779827,10,12.1875,140.833333333333,-213.301452268696,-128.645833333333
"Non-MPA","Patiria miniata","Whites Point",9.52579344415682,1.82574185835055,15.5991452757301,7.77777777777778,1.66666666666667,31.6666666666667,-13.7734034173796,-30
"Non-MPA","Pisaster giganteus","Whites Point",0,0.416666666666668,5.27046276694728,0,0.104166666666667,9.99999999999999,-4.85379610028062,-9.89583333333332
"Non-MPA","Pisaster ochraceus","Whites Point",0,0,0,0,0,0,0,0
"Non-MPA","Strongylocentrotus purpuratus","Whites Point",2.58198889747161,12.9703186802278,116.11018075119,1.66666666666667,8.64583333333334,86.3888888888889,-103.139862070962,-77.7430555555555
